<?xml version="1.0" encoding="utf-8"?>
<CustomDevice xmlns:xsi="http://www.w3.org/2001/XMLSchema-instance" xsi:noNamespaceSchemaLocation="Custom Device.xsd">
<XSDVersion Major="2010" Minor="0" Fix="0" Build="0" />
  <AddMenu>
    <eng>485 comm</eng>
    <loc>485 comm</loc>
  </AddMenu>
  <Version>1.0</Version>
  <Type>Asynchronous</Type>
  <MaxOccurrence>2474</MaxOccurrence>
  <MainPageGUID>3931b391-e7b5-4179-b17a-553dbac04a5d</MainPageGUID>
  <InitializationVI>
    <Type>Action</Type>
    <Item2Launch>
      <Type>To Common Doc Dir</Type>
		<Path>Custom Devices\485 comm\485 comm Configuration.llb\485 comm Initialization VI.vi</Path>
    </Item2Launch>
  </InitializationVI>
  <CustomDeviceVI>
		<SourceDistribution>
			<Source>
				<SupportedTarget>PharlapWindows</SupportedTarget>
				<Source>
					<Type>To Common Doc Dir</Type>
					<Path>Custom Devices\485 comm\485 comm Engine.llb\485 comm RT Driver VI.vi</Path>
				</Source>
				<RealTimeSystemDestination>c:\ni-rt\VeriStand\Custom Devices\485 comm\485 comm Engine.llb\485 comm RT Driver VI.vi</RealTimeSystemDestination>
			</Source>
		</SourceDistribution>
	</CustomDeviceVI>
  <Dependencies />
  <Pages>
    <Page>
      <Name>
        <eng>485 comm</eng>
        <loc>485 comm</loc>
      </Name>
      <GUID>3931b391-e7b5-4179-b17a-553dbac04a5d</GUID>
      <Glyph>
			<Type>To Application Data Dir</Type>
			<Path>System Explorer\Glyphs\default fpga category.png</Path>
		</Glyph>
      <Item2Launch>
        <Type>To Common Doc Dir</Type>
		<Path>Custom Devices\485 comm\485 comm Configuration.llb\485 comm Main Page.vi</Path>
      </Item2Launch>
    </Page>
    
  </Pages>
  <CustomXML>
    <Dummy></Dummy>
  </CustomXML>
</CustomDevice>